"Designator","Footprint","Mid X","Mid Y","Ref X","Ref Y","Pad X","Pad Y","Layer","Rotation","Comment"
""
"U102","TI_DQC_R_PWSON_N10","3913.386mil","507.874mil","3913.386mil","507.874mil","3952.756mil","468.504mil","T","180.00","TPS62177DQCT"
"SW301","SWITCH_TS-1187A","4120.079mil","998.031mil","4228.346mil","1070.866mil","4228.346mil","1070.866mil","T","270.00","TL3342F160QG/TR"
"SW101","SWITCH_TS-1187A","4419.291mil","998.032mil","4311.024mil","925.197mil","4311.024mil","925.197mil","T","90.00","TL3342F160QG/TR"
"R338","RESC1005N","854.331mil","822.835mil","854.331mil","822.835mil","830.709mil","822.835mil","T","360.00","5.1k, 1%"
"Q103","SOT23-3N","2574.803mil","110.236mil","2574.803mil","110.236mil","2537.401mil","72.835mil","T","90.00","BSS138"
"Q102","SOT23-3N","2712.598mil","110.236mil","2712.598mil","110.236mil","2675.197mil","72.835mil","T","90.00","BSS138"
"L101","COILCRAFT_LPS4018","3744.095mil","519.685mil","3744.095mil","519.685mil","3807.087mil","456.693mil","T","90.00","10uH LPS4018-103"
"D308","SOD123","4118.11mil","657.48mil","4118.11mil","657.48mil","4118.11mil","724.409mil","B","270.00","BAT54T1G"
"D307","SOT23-3N","4082.677mil","688.976mil","4082.677mil","688.976mil","4120.079mil","726.378mil","T","270.00","BAS16"
"D101","SOD123","4118.11mil","429.134mil","4118.11mil","429.134mil","4118.11mil","362.205mil","B","90.00","BAT54T1G"
"C118","CAPC3225N","3921.26mil","665.354mil","3921.26mil","665.354mil","3864.173mil","665.354mil","T","360.00","22uF, 25V, X5R, 10%"
"C117","CAPC1608N","4007.874mil","535.433mil","4007.874mil","535.433mil","4007.874mil","503.937mil","T","90.00","2.2uF, 25V, 10% X5R"
"Y100","ABS07-120","3637.795mil","751.968mil","3637.795mil","751.968mil","3687.008mil","751.968mil","T","180.00","Abracon ABS07-120-32.768KHZ-T 6pF CL"
"U301","TSSOP50P640-44N","1072.835mil","531.496mil","1072.835mil","531.496mil","1279.527mil","640.748mil","T","270.00","BQ20Z95DBT"
"U300","TSOP65P640-16AN","783.465mil","1417.323mil","783.465mil","1417.323mil","671.26mil","1506.89mil","T","360.00","bq77PL157A4225"
"U200","TI_R-PVQFN-N34","3003.937mil","448.819mil","3003.937mil","448.819mil","3072.835mil","340.551mil","T","180.00","BQ24765RUV"
"U101","SOT26A-6N","1582.677mil","1244.094mil","1582.677mil","1244.094mil","1629.921mil","1206.693mil","T","180.00","DAC081C081CIMK"
"U100","TSQFP50P900X900-48N","3695.534mil","1077.307mil","3695.534mil","1077.307mil","3587.266mil","917.858mil","T","90.00","STM32F101C8T6"
"SW300","SWITCH_TS-1187A","4419.291mil","1242.126mil","4527.559mil","1314.961mil","4527.559mil","1314.961mil","T","270.00","TL3342F160QG/TR"
"SW100","SWITCH_TS-1187A","4120.079mil","1242.126mil","4011.811mil","1169.291mil","4011.811mil","1169.291mil","T","90.00","TL3342F160QG/TR"
"R337","RESC1005N","2334.646mil","1326.772mil","2334.646mil","1326.772mil","2334.646mil","1303.15mil","B","90.00","10k, 1%"
"R336","RESC1005N","1972.441mil","1326.772mil","1972.441mil","1326.772mil","1972.441mil","1303.15mil","B","90.00","10k, 1%"
"R335","RESC1005N","1826.772mil","1326.772mil","1826.772mil","1326.772mil","1826.772mil","1303.15mil","B","90.00","61.9k, 1%"
"R334","RESC1005N","969.488mil","516.732mil","969.488mil","516.732mil","945.866mil","516.732mil","B","360.00","100k, 1%"
"R333","RESC1005N","2232.284mil","1326.772mil","2232.284mil","1326.772mil","2232.284mil","1303.15mil","B","90.00","61.9k, 1%"
"R332","RESC1005N","2283.465mil","1326.772mil","2283.465mil","1326.772mil","2283.465mil","1350.394mil","B","270.00","8.45k, 1%"
"R331","RESC1005N","1874.016mil","1326.772mil","1874.016mil","1326.772mil","1874.016mil","1350.394mil","B","270.00","8.45k, 1%"
"R330","RESC1005N","1118.11mil","827.756mil","1118.11mil","827.756mil","1094.488mil","827.756mil","T","360.00","1k, 1%"
"R329","RESC1005N","877.953mil","744.094mil","877.953mil","744.095mil","901.575mil","744.094mil","T","180.00","0 ohm"
"R328","RESC1005N","675.197mil","413.386mil","675.197mil","413.386mil","675.197mil","389.764mil","T","90.00","100, 1%"
"R327","RESC1005N","950.787mil","753.937mil","950.787mil","753.937mil","950.787mil","730.315mil","T","90.00","0 ohm"
"R326","RESC1005N","1072.834mil","733.268mil","1072.835mil","733.268mil","1096.457mil","733.268mil","T","180.00","0 ohm"
"R325","RESC1005N","767.716mil","425.197mil","767.716mil","425.197mil","767.716mil","401.575mil","T","90.00","100, 1%"
"R324","RESC1005N","1072.834mil","780.512mil","1072.835mil","780.512mil","1096.457mil","780.512mil","T","180.00","100k, 1%"
"R323","RESC1005N","1393.701mil","496.063mil","1393.701mil","496.063mil","1370.079mil","496.063mil","T","360.00","100k, 1%"
"R322","RESC1005N","1393.701mil","543.307mil","1393.701mil","543.307mil","1370.079mil","543.307mil","T","360.00","100k, 1% (DNP)"
"R321","RESC1005N","1393.701mil","590.551mil","1393.701mil","590.551mil","1417.323mil","590.551mil","T","180.00","5.1k, 1% (DNP)"
"R320","RESC1005N","1393.701mil","637.795mil","1393.701mil","637.795mil","1417.323mil","637.795mil","T","180.00","5.1k, 1%"
"R319","RESC1005N","1393.701mil","685.039mil","1393.701mil","685.039mil","1417.323mil","685.039mil","T","180.00","1k, 1%"
"R318","RESC1005N","492.126mil","1259.843mil","492.126mil","1259.842mil","468.504mil","1259.843mil","T","360.00","1k, 1%"
"R317","RESC1005N","364.173mil","1112.205mil","364.173mil","1112.205mil","340.551mil","1112.205mil","T","360.00","100, 1%"
"R316","RESC1005N","364.173mil","1210.63mil","364.173mil","1210.63mil","340.551mil","1210.63mil","T","360.00","100, 1%"
"R315","RESC1005N","364.173mil","1309.055mil","364.173mil","1309.055mil","340.551mil","1309.055mil","T","360.00","100, 1%"
"R314","RESC1005N","364.173mil","1407.48mil","364.173mil","1407.48mil","340.551mil","1407.48mil","T","360.00","100, 1%"
"R313","RESC1005N","364.173mil","1505.906mil","364.173mil","1505.906mil","340.551mil","1505.906mil","T","360.00","100, 1%"
"R312","RESC1005N","492.126mil","1358.268mil","492.126mil","1358.268mil","468.504mil","1358.268mil","T","360.00","1k, 1%"
"R311","RESC1005N","1566.929mil","1098.425mil","1566.929mil","1098.425mil","1543.307mil","1098.425mil","T","360.00","1M, 1%"
"R310","RESC1005N","492.126mil","1456.693mil","492.126mil","1456.693mil","468.504mil","1456.693mil","T","360.00","1k, 1%"
"R309","RESC1005N","893.701mil","1551.181mil","893.701mil","1551.181mil","870.079mil","1551.181mil","T","360.00","1k, 1%"
"R308","RESC1005N","1586.614mil","909.449mil","1586.614mil","909.449mil","1610.236mil","909.449mil","T","180.00","5.1k, 1%"
"R307","RESC1005N","990.158mil","840.551mil","990.158mil","840.551mil","966.535mil","840.551mil","T","360.00","5.1k, 1%"
"R306","RESC1005N","492.126mil","1555.118mil","492.126mil","1555.118mil","468.504mil","1555.118mil","T","360.00","1k, 1%"
"R305","RESC1005N","1047.244mil","1559.055mil","1047.244mil","1559.055mil","1070.866mil","1559.055mil","T","180.00","0 ohm"
"R304","RESC1005N","1456.693mil","1023.622mil","1456.693mil","1023.622mil","1456.693mil","1047.244mil","T","270.00","3.01M, 1%"
"R303","RESC1005N","797.244mil","915.354mil","797.244mil","915.354mil","797.244mil","938.976mil","T","270.00","3.01M, 1%"
"R302","OHMITE_LVK_1206_KELVIN","728.346mil","541.339mil","728.346mil","541.339mil","674.212mil","513.779mil","T","360.00","0.010 ohm, 1% kelvin, 50ppm"
"R301","RESC1005N","1102.362mil","1141.732mil","1102.362mil","1141.732mil","1102.362mil","1118.11mil","T","90.00","1M, 1%"
"R300","RESC6432N","1279.528mil","1377.953mil","1279.528mil","1377.953mil","1381.89mil","1377.953mil","T","180.00","300, 5%, 1W"
"R226","RESC1005N","2303.15mil","354.331mil","2303.15mil","354.331mil","2279.528mil","354.331mil","T","360.00","10k, 1%"
"R225","RESC1005N","2303.15mil","307.087mil","2303.15mil","307.087mil","2279.528mil","307.087mil","T","360.00","10k, 1%"
"R224","RESC1005N","3362.205mil","500mil","3362.205mil","500mil","3362.205mil","476.378mil","T","90.00","20k, 1%"
"R223","RESC1005N","3299.213mil","590.551mil","3299.213mil","590.551mil","3275.591mil","590.551mil","T","360.00","200k, 1%"
"R222","RESC1005N","3783.465mil","362.205mil","3783.465mil","362.205mil","3783.465mil","338.583mil","T","90.00","10k, 1%"
"R221","RESC1005N","3425.197mil","500mil","3425.197mil","500mil","3425.197mil","476.378mil","T","90.00","49.9k, 1%"
"R220","RESC1005N","3421.26mil","649.606mil","3421.26mil","649.606mil","3444.882mil","649.606mil","T","180.00","10k, 1%"
"R219","RESC1005N","3314.961mil","425.197mil","3314.961mil","425.197mil","3338.583mil","425.197mil","T","180.00","7.5k, 1%"
"R218","RESC1005N","3157.48mil","416.339mil","3157.48mil","416.339mil","3181.102mil","416.339mil","B","180.00","1.4M, 1%"
"R217","RESC1005N","3472.441mil","500mil","3472.441mil","500mil","3472.441mil","523.622mil","T","270.00","200k, 1%"
"R216","RESC1005N","3527.559mil","543.307mil","3527.559mil","543.307mil","3527.559mil","566.929mil","T","270.00","10k, 1%"
"R215","RESC1005N","3893.701mil","334.646mil","3893.701mil","334.646mil","3893.701mil","311.024mil","B","90.00","66.5k, 1%"
"R214","RESC1005N","3893.701mil","236.221mil","3893.701mil","236.22mil","3893.701mil","212.599mil","B","90.00","316k, 1%"
"R213","RESC1005N","4114.173mil","224.409mil","4114.173mil","224.409mil","4114.173mil","200.787mil","T","90.00","3.9 ohm, 5%"
"R212","OHMITE_LVK_1206_KELVIN","3322.835mil","311.024mil","3322.835mil","311.024mil","3376.968mil","338.583mil","T","180.00","0.010 ohm, 1% kelvin, 50ppm"
"R211","RESC1005N","2866.142mil","357.284mil","2866.142mil","357.284mil","2889.764mil","357.284mil","B","180.00","3.9 ohm, 5%"
"R210","OHMITE_LVK_1206_KELVIN","2846.457mil","751.968mil","2846.457mil","751.968mil","2792.323mil","724.409mil","T","360.00","0.010 ohm, 1% kelvin, 50ppm"
"R209","RESC1005N","3523.622mil","283.465mil","3523.622mil","283.465mil","3500mil","283.465mil","T","360.00","10k, 1%"
"R208","RESC1005N","4007.874mil","279.527mil","4007.874mil","279.528mil","4031.496mil","279.527mil","T","180.00","10k, 1%"
"R207","RESC1005N","2889.764mil","251.969mil","2889.764mil","251.969mil","2866.142mil","251.969mil","T","0.00","10 ohm, 1%"
"R206","RESC1005N","3625.984mil","283.464mil","3625.984mil","283.465mil","3649.606mil","283.464mil","T","180.00","10k, 1%"
"R205","RESC1005N","4007.874mil","385.827mil","4007.874mil","385.827mil","4031.496mil","385.827mil","T","180.00","10k, 1%"
"R204","RESC1005N","2842.52mil","1181.102mil","2842.52mil","1181.102mil","2818.898mil","1181.102mil","T","360.00","100k, 1%"
"R203","RESC1005N","3062.992mil","1287.402mil","3062.992mil","1287.401mil","3039.37mil","1287.402mil","T","360.00","1M, 1%"
"R202","RESC1005N","2944.882mil","1185.039mil","2944.882mil","1185.039mil","2921.26mil","1185.039mil","T","360.00","100k, 1%"
"R201","RESC1005N","2944.882mil","1133.858mil","2944.882mil","1133.858mil","2921.26mil","1133.858mil","T","360.00","20k, 1%"
"R200","RESC1005N","2842.52mil","1133.858mil","2842.52mil","1133.858mil","2818.898mil","1133.858mil","T","360.00","10k, 1%"
"R119","RESC1005N","3925.197mil","1263.779mil","3925.197mil","1263.78mil","3925.197mil","1287.401mil","T","270.00","47k, 1%"
"R118","RESC1005N","1480.315mil","1295.276mil","1480.315mil","1295.276mil","1480.315mil","1271.654mil","T","90.00","10k, 1%"
"R117","RESC1005N","1480.315mil","1196.85mil","1480.315mil","1196.85mil","1480.315mil","1173.228mil","T","90.00","10k, 1% (DNP)"
"R116","RESC1005N","3940.945mil","1094.488mil","3940.945mil","1094.488mil","3940.945mil","1118.11mil","T","270.00","10k, 1%"
"R114","RESC1005N","3724.409mil","1330.709mil","3724.409mil","1330.709mil","3748.031mil","1330.709mil","T","180.00","10k, 1%"
"R113","RESC1005N","3334.646mil","1326.772mil","3334.646mil","1326.772mil","3358.268mil","1326.772mil","T","180.00","10k, 1%"
"R112","RESC1005N","3444.882mil","1326.772mil","3444.882mil","1326.772mil","3468.504mil","1326.772mil","T","180.00","10k, 1%"
"R111","RESC1005N","3570.866mil","1338.583mil","3570.866mil","1338.583mil","3594.488mil","1338.583mil","T","180.00","10k, 1%"
"R110","RESC1005N","1649.606mil","629.921mil","1649.606mil","629.921mil","1649.606mil","606.299mil","T","90.00","47k, 1%"
"R109","RESC1005N","1649.606mil","527.559mil","1649.606mil","527.559mil","1649.606mil","551.181mil","T","270.00","47k, 1%"
"R108","RESC1005N","2515.748mil","1385.827mil","2515.748mil","1385.827mil","2492.126mil","1385.827mil","T","360.00","100k, 1%"
"R107","RESC1005N","3444.882mil","846.457mil","3444.882mil","846.457mil","3421.26mil","846.457mil","T","360.00","1k, 1%"
"R106","RESC1005N","3464.567mil","1066.929mil","3464.567mil","1066.929mil","3464.567mil","1090.551mil","T","270.00","47k, 1%"
"R105","RESC1005N","2543.307mil","1181.102mil","2543.307mil","1181.102mil","2519.685mil","1181.102mil","T","360.00","10k, 1%"
"R104","RESC1005N","2641.732mil","1181.102mil","2641.732mil","1181.102mil","2618.11mil","1181.102mil","T","360.00","10k, 1%"
"R103","RESC1005N","1492.126mil","409.449mil","1492.126mil","409.449mil","1492.126mil","433.071mil","T","270.00","330, 1%"
"R102","RESC1005N","3807.087mil","574.803mil","3807.087mil","574.803mil","3783.465mil","574.803mil","B","360.00","100k, 1%"
"R101","RESC1005N","1559.055mil","559.055mil","1559.055mil","559.055mil","1582.677mil","559.055mil","T","180.00","330, 1%"
"R100","RESC1005N","1559.055mil","606.299mil","1559.055mil","606.299mil","1582.677mil","606.299mil","T","180.00","330, 1%"
"Q304","SOT23-3N","1559.055mil","1003.937mil","1559.055mil","1003.937mil","1521.654mil","1041.339mil","T","0.00","BSS138"
"Q303","SOIC127P600-8AN","1279.528mil","974.409mil","1279.528mil","974.409mil","1377.953mil","899.409mil","T","180.00","FDS6690A"
"Q302","SOIC127P600-8AN","984.252mil","974.409mil","984.252mil","974.409mil","885.827mil","1049.409mil","T","0.00","FDS6690A"
"Q301","SOIC127P600-8AN","1279.528mil","1190.945mil","1279.528mil","1190.945mil","1181.102mil","1265.945mil","T","360.00","Si4435DY"
"Q206","SOIC127P600-8AN","3625.984mil","145.669mil","3625.984mil","145.669mil","3527.559mil","220.669mil","T","360.00","Si4435DY"
"Q205","SOIC127P600-8AN","3921.26mil","145.669mil","3921.26mil","145.669mil","4019.685mil","70.669mil","T","180.00","Si4435DY"
"Q204","SOT23-3N","3618.11mil","377.953mil","3618.11mil","377.953mil","3580.709mil","415.354mil","T","360.00","BSS138"
"Q203","SOIC127P600-8AN","2933.071mil","996.063mil","2933.071mil","996.063mil","2834.646mil","1071.063mil","T","0.00","Si4435DY"
"Q202","SOT23-3N","3881.89mil","338.583mil","3881.89mil","338.583mil","3844.488mil","375.984mil","T","360.00","BSS138"
"Q201","SOT23-3N","3062.992mil","1185.039mil","3062.992mil","1185.039mil","3100.394mil","1222.441mil","T","270.00","BSS138"
"Q200","SOT23-3N","2854.331mil","1287.401mil","2854.331mil","1287.401mil","2891.732mil","1324.803mil","T","270.00","FDN304P"
"Q101","SOT23-3N","2519.685mil","1283.465mil","2519.685mil","1283.465mil","2557.087mil","1320.866mil","T","270.00","BSS138"
"Q100","SOIC127P600-8AN","2507.874mil","1047.244mil","2507.874mil","1047.244mil","2606.299mil","972.244mil","T","180.00","Si4435DY"
"P303","JST_B3B_EH_A","2318.898mil","1555.118mil","2220.472mil","1555.118mil","2220.472mil","1555.118mil","T","0.00","JST B3B-EH-A"
"P302","JST_B3B_EH_A","1885.827mil","1555.118mil","1787.402mil","1555.118mil","1787.402mil","1555.118mil","T","0.00","JST B3B-EH-A"
"P301","JST_S5B-XH-A_OPT4","212.598mil","1310.039mil","212.598mil","1359.252mil","212.598mil","1506.89mil","T","90.00","JST S4B-XH-A"
"P300","MOLEX_15-24-4441","152.756mil","478.346mil","-47.244mil","478.346mil","352.756mil","778.346mil","T","90.00","Molex 15-24-4441"
"P102","JST_B2B_EH_A","2183.071mil","866.142mil","2133.858mil","866.142mil","2133.858mil","866.142mil","T","0.00","JST B2B-EH-A"
"P101","JST_B2B_EH_A","1844.488mil","866.142mil","1795.276mil","866.142mil","1795.276mil","866.142mil","T","0.00","JST B2B-EH-A"
"L200","COILCRAFT_MSS1048","2590.551mil","448.819mil","2590.551mil","263.779mil","2590.551mil","263.779mil","T","0.00","3.3uH, MSS1260-332NL (DNP)"
"JP200","CUI_PJ_002AH_SMT","4438.976mil","511.811mil","4381.89mil","511.811mil","4559.055mil","287.401mil","T","180.00","2.1mm x 5.5mm DC jack"
"J105","TP_SMT_38mil","3909.449mil","830.709mil","3909.449mil","830.709mil","3909.449mil","830.709mil","T","180.00","test point (DNP)"
"J104","TP_SMT_38mil","3885.827mil","885.827mil","3885.827mil","885.827mil","3885.827mil","885.827mil","T","180.00","test point (DNP)"
"J103","TP_SMT_38mil","2133.858mil","1106.299mil","2133.858mil","1106.299mil","2133.858mil","1106.299mil","T","90.00","test point (DNP)"
"J102","TP_SMT_38mil","1771.653mil","1106.299mil","1771.653mil","1106.299mil","1771.653mil","1106.299mil","T","90.00","test point (DNP)"
"J101","HDR1X5","2896.85mil","1525.197mil","2696.85mil","1525.197mil","2696.85mil","1525.197mil","T","360.00","Male 2.54mm 5x1 header (DNP)"
"J100","SATA_MOLEX_47018_2000","1401.575mil","140.748mil","1401.575mil","81.693mil","2026.575mil","199.803mil","T","360.00","MOLEX 47018-2000 female"
"F300","RESC3216N","738.189mil","1013.78mil","738.189mil","1013.779mil","681.102mil","1013.78mil","T","360.00","Littlefuse 0437007.WR 7A 35V Fast Blow"
"D306","CD1608-0603","4653.543mil","1334.646mil","4653.543mil","1334.646mil","4687.008mil","1334.646mil","T","180.00","APT1608SGC green"
"D305","CD1608-0603","4653.543mil","1214.567mil","4653.543mil","1214.567mil","4687.008mil","1214.567mil","T","180.00","APT1608SGC green"
"D304","CD1608-0603","4653.543mil","1094.488mil","4653.543mil","1094.488mil","4687.008mil","1094.488mil","T","180.00","APT1608SGC green"
"D303","CD1608-0603","4653.543mil","974.409mil","4653.543mil","974.409mil","4687.008mil","974.409mil","T","180.00","APT1608SGC green"
"D302","CD1608-0603","4653.543mil","854.331mil","4653.543mil","854.331mil","4687.008mil","854.331mil","T","180.00","APT1608SGC green"
"D301","SOT23-3N","1370.079mil","783.465mil","1370.079mil","783.465mil","1332.677mil","820.866mil","T","360.00","BAS16"
"D300","SOT23-3N","1031.496mil","1456.693mil","1031.496mil","1456.693mil","1068.898mil","1494.094mil","T","270.00","BAS16"
"D202","SOD123","2715.551mil","510.827mil","2715.551mil","510.827mil","2782.48mil","510.827mil","B","180.00","BAT54T1G"
"D201","SOD123","2937.008mil","181.102mil","2937.008mil","181.102mil","3003.937mil","181.102mil","T","180.00","BAT54T1G"
"D200","SOD123","2937.008mil","98.425mil","2937.008mil","98.425mil","3003.937mil","98.425mil","T","180.00","BAT54T1G"
"D100","SOD123","3393.701mil","771.654mil","3393.701mil","771.654mil","3326.772mil","771.654mil","T","360.00","BAT54T1G"
"C326","CAPC1005N","4358.268mil","1429.134mil","4358.268mil","1429.134mil","4381.89mil","1429.134mil","T","180.00","0.1uF, 25V, X5R"
"C325","CAPC1005N","1921.26mil","1326.772mil","1921.26mil","1326.772mil","1921.26mil","1350.394mil","B","270.00","0.47uF, 16V, X5R"
"C324","CAPC1005N","2188.976mil","1326.772mil","2188.976mil","1326.772mil","2188.976mil","1350.394mil","B","270.00","0.47uF, 16V, X5R"
"C323","CAPC1608N","1165.354mil","531.496mil","1165.354mil","531.496mil","1133.858mil","531.496mil","B","360.00","10uF, 10V, X5R, 20%"
"C322","CAPC1005N","1125.984mil","326.772mil","1125.984mil","326.772mil","1102.362mil","326.772mil","T","360.00","0.1uF, 25V, X5R"
"C321","CAPC1608N","1015.748mil","318.898mil","1015.748mil","318.898mil","1047.244mil","318.898mil","T","180.00","1.0uF, 25V, 20% X5R"
"C320","CAPC1005N","1171.26mil","729.331mil","1171.26mil","729.331mil","1147.638mil","729.331mil","T","360.00","0.1uF, 25V, X5R"
"C319","CAPC1005N","685.039mil","314.961mil","685.039mil","314.961mil","685.039mil","338.583mil","T","270.00","0.1uF, 25V, X5R"
"C318","CAPC1005N","818.898mil","342.52mil","818.898mil","342.52mil","795.276mil","342.52mil","T","360.00","0.1uF, 25V, X5R"
"C317","CAPC1005N","889.764mil","307.087mil","889.764mil","307.087mil","889.764mil","283.465mil","T","90.00","0.1uF, 25V, X5R"
"C316","CAPC1005N","470.472mil","1210.63mil","470.472mil","1210.63mil","446.85mil","1210.63mil","T","360.00","0.1uF, 25V, X5R"
"C315","CAPC1005N","470.472mil","1407.48mil","470.472mil","1407.48mil","446.85mil","1407.48mil","T","360.00","0.1uF, 25V, X5R"
"C314","CAPC1005N","470.473mil","1111.22mil","470.473mil","1111.22mil","446.851mil","1111.22mil","T","360.00","0.1uF, 25V, X5R"
"C313","CAPC1005N","470.472mil","1309.055mil","470.472mil","1309.055mil","446.85mil","1309.055mil","T","360.00","0.1uF, 25V, X5R"
"C312","CAPC1005N","470.472mil","1505.906mil","470.472mil","1505.906mil","446.85mil","1505.906mil","T","360.00","0.1uF, 25V, X5R"
"C311","CAPC1005N","570.866mil","1181.102mil","570.866mil","1181.102mil","570.866mil","1204.724mil","T","270.00","0.1uF, 25V, X5R"
"C310","CAPC1005N","811.024mil","1283.465mil","811.024mil","1283.465mil","834.646mil","1283.465mil","T","180.00","0.1uF, 25V, X5R"
"C309","CAPC1005N","704.724mil","1283.465mil","704.724mil","1283.465mil","728.346mil","1283.465mil","T","180.00","0.22uF, 25V, X5R"
"C308","CAPC1005N","570.866mil","1299.213mil","570.866mil","1299.213mil","570.866mil","1322.835mil","T","270.00","0.1uF, 25V, X5R"
"C307","CAPC1608N","1259.842mil","767.716mil","1259.842mil","767.716mil","1259.842mil","736.221mil","T","90.00","1.0uF, 25V, 20% X5R"
"C306","CAPC1005N","570.866mil","1407.48mil","570.866mil","1407.48mil","570.866mil","1431.102mil","T","270.00","0.1uF, 25V, X5R"
"C305","CAPC1005N","1657.48mil","1059.055mil","1657.48mil","1059.055mil","1657.48mil","1082.677mil","T","270.00","0.1uF, 25V, X5R"
"C304","CAPC1005N","570.866mil","1515.748mil","570.866mil","1515.748mil","570.866mil","1539.37mil","T","270.00","0.1uF, 25V, X5R"
"C303","CAPC1608N","996.063mil","1322.834mil","996.063mil","1322.835mil","1018.334mil","1345.106mil","T","225.00","1.0uF, 25V, 20% X5R"
"C302","CAPC1005N","1657.48mil","960.63mil","1657.48mil","960.63mil","1657.48mil","984.252mil","T","270.00","0.1uF, 25V, X5R"
"C301","CAPC1005N","1023.622mil","1104.331mil","1023.622mil","1104.331mil","1047.244mil","1104.331mil","T","180.00","0.1uF, 25V, X5R"
"C300","CAPC1005N","925.197mil","1104.331mil","925.197mil","1104.331mil","948.819mil","1104.331mil","T","180.00","0.1uF, 25V, X5R"
"C225","CAPC1005N","3397.638mil","590.551mil","3397.638mil","590.551mil","3421.26mil","590.551mil","T","180.00","130pF, NP0"
"C224","CAPC1005N","2956.693mil","661.417mil","2956.693mil","661.417mil","2980.315mil","661.417mil","T","180.00","100pF, NP0"
"C223","CAPC1005N","2881.89mil","625.984mil","2881.89mil","625.984mil","2881.89mil","649.606mil","T","270.00","0.1uF, 25V, X5R"
"C222","CAPC1608N","3001.968mil","582.677mil","3001.968mil","582.677mil","2970.472mil","582.677mil","B","360.00","1.0uF, 25V, 20% X5R"
"C221","CAPC1005N","3271.654mil","500mil","3271.654mil","500mil","3271.654mil","476.378mil","T","90.00","51pF, NP0"
"C220","CAPC1005N","3314.961mil","500mil","3314.961mil","500mil","3314.961mil","476.378mil","T","90.00","2.2nF, X7R, 10%"
"C219","CAPC1005N","3188.976mil","476.378mil","3188.976mil","476.378mil","3188.976mil","452.756mil","T","90.00","0.1uF, 25V, X5R"
"C218","CAPC1005N","2842.52mil","456.693mil","2842.52mil","456.693mil","2818.898mil","456.693mil","T","360.00","0.1uF, 25V, X5R"
"C217","CAPC1005N","3846.457mil","334.646mil","3846.457mil","334.646mil","3846.457mil","311.024mil","B","90.00","10nF, X7R, 50V 10%"
"C216","CAPC1005N","3145.669mil","448.819mil","3145.669mil","448.819mil","3145.669mil","472.441mil","T","270.00","0.1uF, 25V, X5R"
"C215","CAPC1608N","2859.252mil","469.488mil","2859.252mil","469.488mil","2859.252mil","437.992mil","B","90.00","1.0uF, 25V, 20% X5R"
"C214","CAPC1608N","3078.74mil","496.063mil","3078.74mil","496.063mil","3078.74mil","464.567mil","B","90.00","1.0uF, 25V, 20% X5R"
"C213","CAPC1608N","4086.614mil","334.646mil","4086.614mil","334.646mil","4086.614mil","303.15mil","T","90.00","2.2uF, 25V, 10% X5R"
"C212","CAPC1005N","2850.394mil","527.559mil","2850.394mil","527.559mil","2850.394mil","551.181mil","T","270.00","0.1uF, 25V, X5R"
"C211","CAPC1608N","3133.858mil","330.709mil","3133.858mil","330.709mil","3133.858mil","362.205mil","T","270.00","1.0uF, 25V, 20% X5R"
"C210","CAPC3225N","3326.772mil","144.685mil","3326.772mil","144.685mil","3326.772mil","201.772mil","T","270.00","22uF, 25V, X5R, 10% (DNP)"
"C209","CAPC3225N","3200.787mil","144.685mil","3200.787mil","144.685mil","3200.787mil","201.772mil","T","270.00","22uF, 25V, X5R, 10%"
"C208","CAPC3225N","3074.803mil","728.346mil","3074.803mil","728.346mil","3074.803mil","785.433mil","T","270.00","22uF, 25V, X5R, 10% (DNP)"
"C207","CAPC3225N","3200.787mil","728.346mil","3200.787mil","728.346mil","3200.787mil","785.433mil","T","270.00","22uF, 25V, X5R, 10%"
"C206","CAPC1005N","2795.276mil","409.449mil","2795.276mil","409.449mil","2795.276mil","433.071mil","B","270.00","0.1uF, 25V, X5R"
"C205","CAPC1005N","3500mil","358.268mil","3500mil","358.268mil","3500mil","381.89mil","T","270.00","10nF, X7R, 50V 10%"
"C204","CAPC1005N","4007.874mil","326.772mil","4007.874mil","326.772mil","3984.252mil","326.772mil","T","360.00","0.1uF, 25V, X5R"
"C203","CAPC1005N","2940.945mil","390.748mil","2940.945mil","390.748mil","2940.945mil","414.37mil","B","270.00","0.1uF, 25V, X5R"
"C202","CAPC1005N","2759.843mil","1287.401mil","2759.843mil","1287.401mil","2759.843mil","1311.024mil","T","270.00","0.1uF, 25V, X5R"
"C201","CAPC3225N","2720.472mil","1051.181mil","2720.472mil","1051.181mil","2720.472mil","994.095mil","T","90.00","22uF, 25V, X5R, 10%"
"C200","CAPC1005N","2854.331mil","1385.827mil","2854.331mil","1385.827mil","2877.953mil","1385.827mil","T","180.00","DNP"
"C116","CAPC0603N_B","3921.26mil","1330.709mil","3921.26mil","1330.709mil","3933.071mil","1330.709mil","T","180.00","0.1uF, 6.3V, X5R"
"C115","CAPC0603N_B","1677.165mil","1259.842mil","1677.165mil","1259.842mil","1677.165mil","1248.032mil","T","90.00","0.1uF, 6.3V, X5R"
"C114","CAPC0603N_B","3701.101mil","837.893mil","3701.101mil","837.893mil","3701.101mil","849.704mil","T","270.00","0.1uF, 6.3V, X5R"
"C113","CAPC1608N","3811.024mil","791.339mil","3811.024mil","791.339mil","3779.528mil","791.339mil","T","360.00","1.0uF, 25V, 20% X5R"
"C112","CAPC1005N","3767.716mil","846.457mil","3767.716mil","846.457mil","3744.095mil","846.457mil","T","360.00","10nF, X7R, 50V 10%"
"C111","CAPC1005N","3691.929mil","679.134mil","3691.929mil","679.134mil","3715.551mil","679.134mil","T","180.00","6.8pF, NP0"
"C110","CAPC1005N","3582.677mil","679.134mil","3582.677mil","679.134mil","3559.055mil","679.134mil","T","360.00","6.8pF, NP0"
"C109","CAPC0603N_B","3567.475mil","854.596mil","3567.475mil","854.596mil","3579.286mil","854.596mil","T","180.00","0.1uF, 6.3V, X5R"
"C108","TAIYO_YUDEN_PAS414HR-VA5R","3330.709mil","1102.362mil","3330.709mil","1098.425mil","3330.709mil","972.441mil","T","90.00","0.06F 3.3V coin supercap"
"C104","CAPC0603N_B","3917.323mil","1177.165mil","3917.323mil","1177.165mil","3917.323mil","1188.976mil","T","270.00","0.1uF, 6.3V, X5R"
"C103","CAPC0603N_B","3589.746mil","1300.018mil","3589.746mil","1300.018mil","3577.935mil","1300.018mil","T","360.00","0.1uF, 6.3V, X5R"
"C102","CAPC0603N_B","3472.823mil","971.519mil","3472.823mil","971.52mil","3472.823mil","959.709mil","T","90.00","0.1uF, 6.3V, X5R"
"C101","CAPC1608N","2405.512mil","877.953mil","2405.512mil","877.953mil","2405.512mil","909.449mil","T","270.00","2.2uF, 25V, 10% X5R"
"C100","CAPC1005N","2641.732mil","1228.347mil","2641.732mil","1228.347mil","2665.354mil","1228.347mil","T","180.00","10nF, X7R, 50V 10%"
"J300","TP_HOLE","759.842mil","1192.913mil","759.842mil","1192.913mil","759.842mil","1192.913mil","T","90.00","test point (DNP)"
"J301","TP_HOLE","661.417mil","1192.913mil","661.417mil","1192.913mil","661.417mil","1192.913mil","T","90.00","test point (DNP)"
"L200B","COILCRAFT_XAL7030","2618.11mil","448.819mil","2618.11mil","448.819mil","2618.11mil","355.906mil","T","90.00","3.3uH, XAL7030-322MEC"
"R120","RESC1005N","2141.732mil","417.323mil","2141.732mil","417.323mil","2141.732mil","440.945mil","T","270.00","330, 1%"
"R121","RESC1005N","2106.299mil","1023.622mil","2106.299mil","1023.622mil","2129.921mil","1023.622mil","T","180.00","4.7k, 1%"
"R339","RESC1005N","795.275mil","1551.181mil","795.276mil","1551.181mil","818.898mil","1551.181mil","T","180.00","1k, 1% (DNP)"
"TP100","TP_SMT_38mil","3295.276mil","1425.197mil","3295.276mil","1425.197mil","3295.276mil","1425.197mil","T","90.00","38mil SMT pad"
"TP101","TP_SMT_38mil","3395.276mil","1425.197mil","3395.276mil","1425.197mil","3395.276mil","1425.197mil","T","90.00","38mil SMT pad"
"TP102","TP_SMT_38mil","3495.276mil","1425.197mil","3495.276mil","1425.197mil","3495.276mil","1425.197mil","T","90.00","38mil SMT pad"
"TP103","TP_SMT_38mil","3595.276mil","1425.197mil","3595.276mil","1425.197mil","3595.276mil","1425.197mil","T","90.00","38mil SMT pad"
"TP104","TP_SMT_38mil","3695.276mil","1425.197mil","3695.276mil","1425.197mil","3695.276mil","1425.197mil","T","90.00","38mil SMT pad"
"TP105","TP_SMT_38mil","3895.276mil","1425.197mil","3895.276mil","1425.197mil","3895.276mil","1425.197mil","T","90.00","38mil SMT pad"
"TP106","TP_SMT_38mil","3995.276mil","1425.197mil","3995.276mil","1425.197mil","3995.276mil","1425.197mil","T","90.00","38mil SMT pad"
"TP107","TP_SMT_38mil","3795.276mil","1425.197mil","3795.276mil","1425.197mil","3795.276mil","1425.197mil","T","90.00","38mil SMT pad"
"U302","ONSEMI_DFN5_5x6_1.27P","523.612mil","421.9mil","523.622mil","425.197mil","598.622mil","535.236mil","T","0.00","NTMFS4C35NT1G"
"R115","RESC1005N","2141.732mil","539.37mil","2141.732mil","539.37mil","2141.732mil","562.992mil","T","270.00","330, 1%"

